UrlUsuario;TituloVideo;NumVisualizaciones;DiaSubida
https://www.youtube.com/@HiClavero;Supero mi Mayor Miedo | Clavero;265 K visualizaciones;hace 2 días
https://www.youtube.com/@HiClavero;Clavero - TAURED (Video Oficial);131 K visualizaciones;hace 2 días
https://www.youtube.com/@HiClavero;Fui a ver el Boxeo UNDERGROUND de África;488 K visualizaciones;hace 7 días
https://www.youtube.com/@HiClavero;Así viven los MULTIMILLONARIOS de África;1 M de visualizaciones;hace 2 semanas
https://www.youtube.com/@HiClavero;Así es la Ciudad SOBREPOBLADA de África | Clavero;652 K visualizaciones;hace 4 semanas
https://www.youtube.com/@HiClavero;¿Valen la Pena las Nuevas Gafas Inteligentes del Futuro? | Clavero;359 K visualizaciones;hace 2 meses
https://www.youtube.com/@HiClavero;Así es el País Más Barato de Europa;589 K visualizaciones;hace 2 meses
https://www.youtube.com/@HiClavero;Ya no puedo más;403 K visualizaciones;hace 2 meses
https://www.youtube.com/@HiClavero;Este es el País Más Feliz del Mundo;367 K visualizaciones;hace 2 meses
https://www.youtube.com/@HiClavero;Pasé la Noche en la Cárcel de Finlandia;502 K visualizaciones;hace 3 meses
https://www.youtube.com/@ldtssoftware8782;LDTS CRM.  Acceso Padres;33 visualizaciones;hace 1 año
https://www.youtube.com/@ldtssoftware8782;SVI Login with your Social Network;10 visualizaciones;hace 2 años
https://www.youtube.com/@ldtssoftware8782;LDTS CRM. Prácticas en Empresa;126 visualizaciones;hace 2 años
https://www.youtube.com/@ldtssoftware8782;LDTS CRM. Actividades Extraescolares;11 visualizaciones;hace 3 años
https://www.youtube.com/@ldtssoftware8782;LDTS CRM;6 visualizaciones;hace 3 años
https://www.youtube.com/@ldtssoftware8782;Quiz Manager · Get Started;3 visualizaciones;hace 3 años
https://www.youtube.com/@ldtssoftware8782;SVI Reset Password;22 visualizaciones;hace 3 años
https://www.youtube.com/@ldtssoftware8782;SVI Get Started!;9 visualizaciones;hace 3 años
https://www.youtube.com/@ldtssoftware8782;LDTS CRM. Coaching;24 visualizaciones;hace 4 años
https://www.youtube.com/@ldtssoftware8782;LDTS CRM. Asignación de Optativas;20 visualizaciones;hace 5 años
https://www.youtube.com/@LDTSAcademy;WordPress en Amazon Linux;18 visualizaciones;hace 3 semanas
https://www.youtube.com/@LDTSAcademy;.Net Core Webs Deployment;1 visualización;hace 1 mes
https://www.youtube.com/@LDTSAcademy;Understanding IP Addresses;10 visualizaciones;hace 2 meses
https://www.youtube.com/@LDTSAcademy;Azure for Students 3/VPS Networking;10 visualizaciones;hace 8 meses
https://www.youtube.com/@LDTSAcademy;Azure for Students 2/Crear Servidor;3 visualizaciones;hace 8 meses
https://www.youtube.com/@LDTSAcademy;Azure for Students 1/Intro;4 visualizaciones;hace 8 meses
https://www.youtube.com/@LDTSAcademy;HTTP Objects 3. HTTP Session;29 visualizaciones;hace 1 año
https://www.youtube.com/@LDTSAcademy;HTTP Objects 2. Request Parameters;19 visualizaciones;hace 1 año
https://www.youtube.com/@LDTSAcademy;INSERT con datos ficticios;10 visualizaciones;hace 1 año
https://www.youtube.com/@LDTSAcademy;UPDATE con JOIN;16 visualizaciones;hace 1 año
